{"count":1,"self":55.316159999999996,"total":94.692034299999989,"children":{"InitializeActuators":{"count":1,"self":0.0019998999999999998,"total":0.0019998999999999998,"children":null},"InitializeSensors":{"count":1,"self":0.0020049,"total":0.0020049,"children":null},"AgentSendState":{"count":27851,"self":0.39810439999999997,"total":0.9494672999999999,"children":{"CollectObservations":{"count":5571,"self":0.0390325,"total":0.0390325,"children":null},"WriteActionMask":{"count":5571,"self":0.0209979,"total":0.0209979,"children":null},"RequestDecision":{"count":5571,"self":0.1080517,"total":0.4913325,"children":{"AgentInfo.ToProto":{"count":5571,"self":0.1050769,"total":0.3832808,"children":{"GenerateSensorData":{"count":5571,"self":0.2782039,"total":0.2782039,"children":null}}}}}}},"DecideAction":{"count":27851,"self":38.1379776,"total":38.1379784,"children":null},"AgentAct":{"count":27851,"self":0.27441519999999997,"total":0.27441519999999997,"children":null},"AgentInfo.ToProto":{"count":109,"self":0.0060050999999999993,"total":0.0070101999999999994,"children":{"GenerateSensorData":{"count":109,"self":0.0010050999999999999,"total":0.0010050999999999999,"children":null}}}},"gauges":{"Drive.CumulativeReward":{"count":109,"max":-1,"min":-3,"runningAverage":-2.98165131,"value":-3,"weightedAverage":-2.99999952}},"metadata":{"timer_format_version":"0.1.0","start_time_seconds":"1650184823","unity_version":"2020.3.32f1","command_line_arguments":"D:\\UnityEditors\\2020.3.32f1\\Editor\\Unity.exe -projectpath D:\\Github\\unity-car-ml -useHub -hubIPC -cloudEnvironment production -licensingIpc LicenseClient-feder -hubSessionId 78c04790-be24-11ec-a5aa-cf7ef47d9939 -accessToken vJgbhXdSdkLEL6GLYODaMayoQXiV0AguUN6nXS5PCrU006f","communication_protocol_version":"1.5.0","com.unity.ml-agents_version":"2.0.1","scene_name":"SampleScene","end_time_seconds":"1650184918"}}