{"count":1,"self":16.2948848,"total":54.729952499999996,"children":{"InitializeActuators":{"count":16,"self":0.002,"total":0.002,"children":null},"InitializeSensors":{"count":16,"self":0.0030001999999999997,"total":0.0030001999999999997,"children":null},"AgentSendState":{"count":12251,"self":0.71987629999999991,"total":3.0044486,"children":{"CollectObservations":{"count":39216,"self":0.2115988,"total":0.2115988,"children":null},"WriteActionMask":{"count":39216,"self":0.1483483,"total":0.1483483,"children":null},"RequestDecision":{"count":39216,"self":0.4865969,"total":1.9246252,"children":{"AgentInfo.ToProto":{"count":39216,"self":0.4608344,"total":1.4380283,"children":{"GenerateSensorData":{"count":39216,"self":0.9771939,"total":0.9771939,"children":null}}}}}}},"DecideAction":{"count":12251,"self":34.6889824,"total":34.6889822,"children":null},"AgentAct":{"count":12251,"self":0.68959629999999994,"total":0.68959629999999994,"children":null},"AgentInfo.ToProto":{"count":730,"self":0.015996299999999998,"total":0.045042399999999996,"children":{"GenerateSensorData":{"count":730,"self":0.0290461,"total":0.0290461,"children":null}}}},"gauges":{"MoveToGoal.CumulativeReward":{"count":730,"max":0.790148735,"min":-0.470124662,"runningAverage":-0.0369721726,"value":-0.339363337,"weightedAverage":-0.100017749}},"metadata":{"timer_format_version":"0.1.0","start_time_seconds":"1650209906","unity_version":"2020.3.32f1","command_line_arguments":"D:\\UnityEditors\\2020.3.32f1\\Editor\\Unity.exe -projectpath D:\\Github\\unity-car-ml -useHub -hubIPC -cloudEnvironment production -licensingIpc LicenseClient-feder -hubSessionId 78c04790-be24-11ec-a5aa-cf7ef47d9939 -accessToken vJgbhXdSdkLEL6GLYODaMayoQXiV0AguUN6nXS5PCrU006f","communication_protocol_version":"1.5.0","com.unity.ml-agents_version":"2.0.1","scene_name":"simple","end_time_seconds":"1650209960"}}